An tan an té ni p'asi koté sis lanné, 
on jou, an vwè on kalité bèl pòtré adan on liv asi La Forêt vierge. 
Non a-y sété Histoires Vécues. 
I té ka fè-w vwè on sèpan boa ka valé on bèt féros. 
Mi potré-kraché a désen-la.
Adan liv-la, yo té ka di konsa: 
Sé sèpan boa-la ka valé jibyé a-yo toutannantyé, san krazé-y. 
Aprésa, yo pa fouti déplasé 
é yo ka domi pannan sé si mwa-la manjé-la ka pwan pou désann an fal a-yo la.
Kifè, sa fè-mwen graté tèt an-mwen onlo asi tribilasyon a lajeng
é, mwenmenm a mwenmenm an-mwen osi, an rivé, avè on kréyonpapyé an koulè, désiné prèmyé désen an-mwen. 
Désen liméwo 1 an-mwen. 
Mi sa i té ka sanm:
An montré sé granmoun-la mèt-travay an-mwen 
é an mandé-yo si désen an-mwen té ka fè-yo pè.
Yo réponn-mwen: Poukisa moun té ké pè on chapo?
Désen an-mwen a pa té on chapo ité ka montré. 
Sété on sèpan boa i té ka fè on éléfan désann. 
Alò an désiné andidan vant a sèpan boa-la, 
pou sé granmoun-la té pé rivé konpwann. 
Yo toujou bizwen ou kléré-yo. 
Désen liméwo 2 an-mwen té ka sanmm sa:
END OF CURATED SENTENCES
Sé granmoun-la ban-mwen on konsèy yo di-mwen mèt zafè
désen sèpan boa fèmé oben ouvè akoté, é anplas a sa, gadé pou
t'an-mwen adan jéografi, listwa, kalkil é gramè. Sé konsa, antan
an té ni sis lanné, lidé a on bèl chimen i té ké ka atann-mwen adan
lapenti, soti an tèt an-mwen. An té pèd lafwa douvan sé bok-la
désen liméwo 1 é désen liméwo 2 an-mwen té pwan. Sé granmoun-
la yo pa ka janmé konpwann ayen yomenm tousel tousèl a-yo,
és sa ka izé sé timoun-la, ba-yo lèsplikasyon toulongalé konsa.
Kifè té fo-mwen té chwazi ondòt travay é an apwann fè avyon
volé. An fè avyon volé tibwen toupatou asi latè. É sa vré,jéografi
fo di, rédé-mwen onlo. Adan onsèl batzyé, an té kapab rikonnèt,
ka i Lachin kail Larizona. Sa ka sèvi toubòlman, pou anka ou pèdchimen on jou lannuit.
Sé konsa, toulongalé an vi an-mwen, an kontré avè on pakyèt
moun solid. An viv onlo tan aka sé granmoun-la. An vwè-yo
toupré-toupré. Sa pa sitèlman rann lidé an té ni asi-yo plibon.kriyé réyisi. La konsa désen-la k'ay, épi lot apré sa pa ka sanm-li
anko. An ka fè détwa érè osi asi grandè a-y. La Tiprens-la two gran.
La konsa i two piti. An ka kyansé osi asi koulè a kostim a-y.
Kife an ka fè tèktèk konsi é konsa, kon an pé. An ké fè érè pou
fin asi déotwa tibiten pli séryé. Mé la, ké fo-zot èskizé-mwen.
Boug an-mwen pa janmé té ka bay p'on lèsplikasyon. I dwèt té
ka kwè an té menm biten kon li. Mé mwen, dévenn an-mwen,
an pa ka rivé vwè on mouton andidan on kès. Pétèt mwen on tijan
kon sé granmoun-la. Fo kwè laj-la ka pwan lanmen asi mwen.
Chakjou Bondyé fè an té ka apwann on biten asi planèt-la, asi
dépa-la, asi vwayaj-la. Sa té ka vin piti a piti, konsa adan on
pawdl. Sé konsa, twazyèm jou-la, an vin touvé-mwen okouran a
penn é tribilasyon a sé baobab-la.
Kou-lasa anko sété gras a mouton-la, davwa blipman Tiprens-la
mandé-mwen, konsidiré on biten oséryé té ka tèwbolizé lèspri a-y:
< Sé pou toubon, pa vré, sé mouton-la ka manjé sé tipyébwa-la?
Wi. Sa vré.
A! An kontan l>>
An pa konpwann pouki sa té sitèlman fondal sé mouton-la ka
manjé sé tipyébwa-la. Mé Tiprens-la di anplis:
< Alosdonk yo ka manjé sé baobab-la osi?>>
An fè Tiprens-la obsèvé sé baobab-la a pa dé tipyébwa, mé dé
pyébwa gran kon dé légliz é, menm si i té ka chayé tout on krèy
éléfan épi-y, yotout la pa té kay rivé a bout a onsèl baobab.
Lidé a tout on krèy éléfan la fè Tiprens-la ri:
<Té ké fo mèté-yo yonn asi lot... >>
Mé i fè-mwen obsèvé avè rézon:
(Sé baobab-la, avan yo vin gran, yo ka toupiti pou konmansé
Sa byen vré! Mé pouki ou vlé sé mouton a-w-la manjé sé
Iréponn-mwen: ( Eben! Ou pa ka vwè!> Konsidiré sa té klè
kon dlo woch. Éité fo-mwen té fè tout sèvel an-mwen maché
pou rivé konpwann mwen tousèl tousel an-mwen pwoblèm-lasa.
É komdifèt, asi planèt a Tiprens-la, té nil kon asi tout sé planèt-
la, bon zèb é mové zèb. Kifè bon grenn ka ba bon zèb é mové
grenn ka ba mové zèb. Mé sé grenn-la ou pa ka vwè-yo. Yo ka
domi an zantray a latè jiktan
lidé a yonn adan yo di-y lévé.
An moman-lasa i ka dérédi,
é ka voyé monté piti a piti
pou konmansé on bèl tiplan
inosan chèché solèy. Si sé on
plan a radi oben a woz, ou pé
lésé-y tijé kon i vlé. Mé si sé
on mové plant, fo raché plant-
la lamenmlamenm, rivé ou
rivé rikonnèt-li. É dyèktèman
té ni on vyé kalité grenn asi
planèt a Tiprens-la... sété
grenn baobab. Tout latè a
planèt-la té plen sa. É avè on
baobab, si ou pa baré-y gran
bonnè, ou pa kay janmé pé
rivé a bout a-y aprésa. I ka pwan tout plas-la i ni asi planèt-la.
I ka fè tou adan-y avè rasin a-y. É si planèt-la two piti, é si sé
baobab-la yo a twop, yo ka fè planèt-la payé an pach.
Tiprens-la té di-mwen aprésa:
<A pa dot ki on pozisyon pou kenbé. Apré nou fin lavé-ko an-
nou lématen, fo lavé planèt-la byen-byen pwop. Fo ou ranjé-w kon
ou vlé pou ou pé sa raché près touléjou kon jou fèt sé baobab-la
rivé ou rivé rikonnèt-yo parapot a sé pyéwoz-la yo ka sanm onlo
la lè yo toupiti piti. Sé on travay boufisan, mé i pé pa pli fasil.>
Eonjouikonséyé-mwven pwan tout ti tan an-mwen pou réyisi
on bèl désen, pou byen fè sa rantré an kabèch a timoun bokaz.
Ité ka di-mwen (anka si on jou yo vwayajé, sa pé rivé sèvi-yo.
Délè sa pa ka krenn ayen woumèt travay a-W a plita. Mé, lè sé
baobab ila, sé toujou on dézagréman. An té konnèt on planèt, ola
on fennyan té ka rété. I pa té lévé-digrad twa tipyébwa... >>
E, dapré sa Tiprens-la té ka di-mwen, an désiné planèt-lasa.
An pa gyè enmé fè-mwen pasé pou on filozofka ba-moun lison.
Mé danjérozité a sé baobab-la moun pa gyè konnèt-li, érisk moun
té ké pwan si yo té ka pèd ko a-yo adan on astéwoyid sitèlman
gran, pou on fwa, an désidé pa rété bouch fèmé anko. An ka di:
<Zanfan! Pangad sé baobab-lal>> Sé pou vèti zanmi an-mwen dè
on danjé yo té ka viv kot-a-kot épi-y dépi nanni-nannan, kon
mwenmenm, san konnèt-li, an travay tann travay désen-lasa.
Lison-la an té ka bay la té VO lapenn. Sa pé zot ké mandé-zot:
poukisa pa tini, adan liv-lasa, dot granmanman désen kon désen
a sé baobab-la ? Répons-la pa byen rèd: Mwen éséyé mé an pa
rivé fè-y. Lè an désiné sé baobab-la an té ni onj jan lanprèsmanité
sézi ko an-mwen.
A! Tiprens, sé konsa an vin konpwann, piti a piti, ti lavi chi-
mérik a-w-la. Pannan lontan onsèl anmizman ou té tini sété dousè
a solèy ka desann an lanmè. An vin apwann dènyé tibiten-lasa,
lèmaten a katriyèm jou-la, lè ou di-mwen:
< An byen enmé lè solèy ka desann an lanmè. Annou ay gadé
solèy-la ka desann an lanmè...
Mé fo atann..
Atann kisa ?
Atann solèy-la desann an lanmè. >>
Voumenm a-W sanm sa ou té byen pri adan on prèmyé balan,
é aprésa ou mété-w ka ri-w voumenm voumenm a-W. É ou di:
<< An toujou ka konpwann mwen bokaz!>
Komdifèt. Lè i anmidi Ozétazini, solèy-la, toutmoun sav sa,
ka desann an lanmè p'asi koté Lafwans. Té ké yenki fo on moun
pé ay an Frans adan on ayen tan pou i sizé-gadé solèy-la ka desann
an lanmè. Ladévenn Lafwans lontan two lwen. Mé, asi sitèlman
piti planèt a-w-la, ou té ni yenki chèz a-W pou ou té ralé déotwa
pa. É ou té ka pé gadé solèy ka desann piti a piti an syèl-la toutlè
ou té vlé...
<Onjou, an vwè solèy desann an lanmè karant-twa fwa!>
É tibwen aprésa ou té ka di anplis:
<Ou sav.. lèwvwè on moun ni on sitèlman gwo lenbé i ka
enmé gadé solèy désann an lanmè...
Kifè jou a sé karant-twa fwa-la ou té ni on sitèlman gwo
Mé Tiprens-la pa réponn.
Senkyèm jou-la, toujou gras a mouton-la, an vin apwann sèkré-
lasa asi vi a Tiprens-la. Blipman 1 mandé-mwen, san avèti, konsidiré
sété rézilta a on pwoblèm asi kilès i té fè léspri a-y maché onlo san
di ayen:
( On mouton, siil ka manjé sé tipyébwa-la, i ka manjé sé flè-la
On mouton ka manjé tousa ijwenn.
Menm sé flè-la i ni pikan-la?
Wi. Menm sé flè-lair ni pikan-la.
- Ald sé pikan-la, kisa yo ka sèvi - ?
An pa té konnèt. An té okipé bon okipé la an moman-lasa ka
éséyé débridé on boulon two séré adan motè an-mwen. An té adan
on gran kalkilasyon davwa pann an-mwen-la té konmansé ka
sanm-mwen saité séryé bon séryé la, é dlodous-la ité ka fin piti
a piti asi nou la té ka fè-mwen krenn plimové biten anko.
(Sé pikan-la, kisa yo ka sèvi?>>
Tiprens-la paj janmé té ka démod asi on kèksyon, dépiité fè tan
pozé-w li. Boulon an-mwen té ka pwan tèt an-mwen é an réponn
nenpot kibiten:
< Sé pikan-la, yo pa ka sèvi ayen, sé movèzté a sé flè-laikonsa
tou natirèlman!
Mé apré on moman san di ayen i voyé ban-mwen, avè on jan
(An pa ka kwè-w! sé flè-la yo feba. Yo inosan. Yo ka trankilizé-
yo kon yo pé. Yo ka kwè yo ka fè-moun pè avè pikan a-yo.. >>
An pa réponn ayen. An moman-lasa an té la ka di an kyè an-
mwen: < Si boulon-lasa kenbé-mwen tèt anko, an kay pété-y avè
on koul mawto. >> Tiprens-la woudéranje-mwen anko adan tout
kalkilasyon an-mwen:
É ou ka kwè, vou, sé flè-la...
Énon! Énon ! An pa ka kwè ayen! ! An réponn nenpot kibi-
ten. An ka okipé-mwen, mwen, dè biten séryé!>
I rété ka gadé-mwen èstébékwè.
< Dè biten séryé!>
Ité ka vwè-mwen, mawto an-mwen an men an-mwen, èvè tout
dwèt an-mwen nwè avè grès a-motè, kouché anlè on biten i té ka
sanm-li lèd kon pa tini.
( Ou ka palé kon sé granmoun-lal>>
Sa fè-mwen tibwen wont. Mé, san pityé, i di anplis:
<Ou anbousayé... ou ka fè onsèl soup-a-kongo avè tout biten
Ité cho bon cho la toubolman. I té ka soukwé chivé touplen
koulè anlo a-y an van-la:
( An konnèt on planèt ola ni on
misyé tou wouj lahont i yé. I pa
janmé santi on flè. I pa janmé gadé
on zétwal. I pa janmé rivé enmé
ponmoun. I pa janmé fè ayen apa fè
kalkilasyon. É tout lajouné i ka
répété menmjan ou ka fè : "An sé on
nonm séryé! An sé on nonm séryé!",
é sa ka fè-y gonflé lèstonmak a-y
plen santiman. Mé a pa on nonm sa,
sé on zorèy-bwa
On kisa' ?
On chanpinyon!
Konyéla Tiprens-la té blenm kon
pa tini davwa ité égri bon égri la.
<Sa ka fè lanné é lanné flè ka fè
pikan. Sa ka fè lanné é lanné mouton
ka manjé flè magrésa. É sa pa séryé
chèché-sav poukisa flè ka ba ko a-yo
tann mal pou fè pikan i pa ka janmé
sèvi ahak? Sa pa pli séryé é pli fondal
ki tout kalkilasyon on gwo misyé tou
wouj ka fe?É si an konnèt, mwen, on
flè onsèl adan tout linivè, yo pa ka
touvé p'ondot koté, dôt ki asi planèt
an-mwen, é on timouton pé fin bat épi-y adan on batzyé, konsa,
onj jou bonmaten, san menm i sav sa i ka fè, sa pa fondal sal>
I vin wouj, é aprésa i woupati:
(Si on moun enmé on flè, on fleipanip'onlot kon-y adan tout
sé pakyèt é pakyèt zétwal-la, on flè asifi 1 gadé-y pou i santi kyè
a-y kontan. I ka di an kyè a-y: "Flè an-mwen la ankèpa-la la... 11
Mé vinvwè mouton-la anni manjé flè-la, pou li, moun-lai
enmé flè-la, sé konsi, britalman, tout sé zétwal-la té ka anni étenn
flap si yomenm ! É sa, sa pa fondal sa!>
Ipa té pé di ayen anplis. Adan onsèl kou i mété pléré-gwodlo
atè. Lannuit-la téj ja asi nou. An té ja lagé zouti an-mwen. An té
fouben bon fouben la ki mawto, ki boulon, an té mansousyé ki
swèf, ki lanmo. Té ni, on zétwal, on planèt, t'an-mwen, Latè, asi
kilès té ni on Tiprens i té bizwen yo ba-y konfowtasyon ! An
pwan-y an dé bwa an-mwen. An dousiné-y. An té ka di-y: (Flè-la
ou enmé la pa bizwen pè ayen.. An kay désiné on baboukèt ba-y,
pou mouton a-W... An kay désiné on blindaj pou flè a-W..
An... >> An pa té gyè sav ka pou mwen té di, an té ka santi-mwen
goch toubolman. An pa té sav kijan rivé touché-y, ola an té pé rivé
woujwenn-.i... Sa sitèlman étranj, péyi a pléré-gwodlo-la.
Adan on ayen tan mwen apwann konnèt flè-lasa plibyen. An tout
tan, té toujou tini, asi planèt a Tiprens-la, flè dwdinè kon owdinè
ka maké, dékoré avè onsèl ranjé pétal, é yo pa té ka pwan onlo
plas é yo pa té ka déranjé ponmoun. Yo té ka parèt onj jou bonma-
ten adan zèb-la, é yo té ka étenn lè nwèsè té ka rivé. Mé tala té
tijé onj jou, soti adan on grenn kèk moun té menné dèpi kèk koté
ponmoun pa té konnèt ola, éTiprens-la té voyé bon zyé asi tizèb-
lasaip pa té ka sanm p'on sé lézot tizèb-la. Sa té pé sété on dènyé
modèl baobab. Mé vitman tipyébwa-la arété tijé, é mété-y ka pré-
paré on flè. Tiprens-la, liité la ka véyé rivé a on manman bouton,
té ka byen santi on mirak-a-biten té kay soti é parèt la konsa, mé
flè-la pa té ka las ranjé ko a-y pou i té pé sa parèt bèl, byen séré
adan chanm vèw a-y. Ité ka pwan tout ti tan a-y chwazi koulè
a-y. Ité ka abiyé-y san présé ko a-y, yonn apré lot i té ka ranjé
pétal a-y byen kon i fo. Ipa té vlé soti chifonné kon sé kokliko-la.
I pa té vlé parèt dot ki adan tout zékla a bèlté a-y. É! I Wi. I té
légant-légant toubolman! Kifè mannyè zayé étranj a-y-lasa pwan
on pakyèt jou. Epi mi on jou bonmaten, dyèktèman a lè ola solèy
ka lévé, ité fè vwè-y.
Éli, liité travay èvè tann ègzaktitid, di atoupannan i té ka bayé:
(A! Lévé an ka fin lévé toujis. Tanprisouplé a-zot an ka
mandé-zot... Mwen an chenteng toujou.. >>
Tiprens-la, an moman-lasa, pa rivé kenbé kontantman a-y an-
didan kyè a-y:
<Pou bèl ou bèl menm !
Flè-la réponn-li toudous:
An pa ka di-w chè. Anplis an vwè jou
ansanm ansanm avè solèy-la. >>
Tiprens-la byen vwèité blagèz bon blagèz la,
mé i sitèlman té ka chouboulé kyè!
Lamenm dèyè flè-la di-anplis
<An ka kwè, sé lè a didiko-la, ès ou ké tin
bonkyè sonjé-mwen.. >>
Lè an té ka jwenn èvè yonn adan-yo i té ka sanm sa i té ka vwè
klè, an té ka gadé vwè kijan désen liméwo 1 an-mwen-la an toujou
ka gadé asi mwen té ka aji asi-y. An té ka chèché- sav si poubon
ité ka konpwann-mwen. Mé toujou té ka réponn-mwen menm
biten-la : Sa sé on chapo. 
kifè an pa té ka palé-y pa plis dè
sèpan boa, dè forêt vierge ki dè zétwal. An té ka mèt-mwen wotè
a-y. An té ka palé-y bridj, gòlf, politik é lavalyè. Alòs, granmoun-
la té ka byen kontan kontré avè on nonm i sitèlman konnèt mèt
larézon la larézon yé..
Kifè an viv tousèl tousèl an-mwen, san ni ponmoun pou palé
osèryé, jiktan on jou an pwan pann avyon an plen mitan dézè
Sahara-la, sa ka fè sis lanné. On biten té pété adan motè-avyon
an-mwen. É davwa an pa té tin ni mékanisyen, ni pasajé abo,
an mété-mwen annaks pou té éséyé rivé, mwen tousèl tousèl
an-mwen, a bout a on réparasyon fòsan. Pou mwen sété lavi oben
lanmo i té ka atann-mwen. Toujis si an té ni dlo pou uit jou.
Prèmyé swa-la alo an pwan sonmèy atè asi sab-la lwen bon lwen
la dè tout tè ola moun ka rété. An té lontan pli tousèl ki on moun
tousèl asi on rado an plen mitan grandlo lanmè-la aprédavwa
i manké fè fon avè on bato. Alò zò tou ka konpwann jan mwen
rété sézi lèwvwè, opipirit, on tivwa étranj woté-mwen an sonmèy
an-mwen. Ité ka di: Tanprisouplé.. désiné on mouton ban-mwen!É Tiprens-la, tou wonté, té pati
chèché on lawozwa dlo fré é, ba
flè-la bwè.
Sé konsa san pèd tan i té rivé
tèwbolizé lèspri a Tiprens-la avè
logèy onjan sisèptib a-y. On jou,
annègzanp, alds i té ka palé dè kat
pikan a-y, it té di Tiprens-la:
( Yo pé vin, sé tig-la, avè grif a-yo!
Pa ni tig asi planèt an-mwen,
Tiprens-la fè-y obsèvé, é dayè-pou-
yonn sé tig-la pa ka manjé zèb.
An pa on zèb, flè-la té réponn
Tanprisouplé a-W...
Sé tig-la pa ka fè-mwen pè, mé an ray sé kourandè-la
toubolman. Ou pa té ké ni on paravan délè?>
K Ray sé kourandè-la.. ou palé on dévenn, pou on plant,
Tiprens-la té fè-y rimakyé. Flè-lasa byen difisil...>>
( Oswa ou ké mèt-
annyen a sa i ka pasé asi
mwen anba on boul
an-kristal. A pa ti fwédi
ka fè fwédi owa-W. Sa
pa byen annaks kotésit.
La otila an soti... >>
Méipé pé a-y limenm
limenm a-y. I rivé i té on
grenn. I pa té pé okouran
sé lézot planèt-la. Wontèz té lésé yo pon-
nyé-y ka préparé on mansonj sitèlman
kouyon, ité mété-y ka tousé déotwa fwa,
pou mèt Tiprens-la anto a-y:
O paravan-la ?...
An té kay chèché-y mé ou té ka palé
An moman-lasa i fosé si tousé a-y pou
ba Tiprens-la rimo kanmenm.
Kifè Tiprens-la, magré bon voulwa a lanmou a-y, mété-y adan
on ayen tan ka douté dè-y. Ité pwan oséryé pawol 1 pa té ni p'on
valè, éité fin pa trapé on kalité gwokyè.
Onjou i di-mwen an zorèy:
(An pa té dwètèt kouté-y, fo pa ou janmé kouté sé flè-la.
Fo ou gadé-yo é pwan lodè a-yo. T'an-mwen té ka plen planèt an-
mwen avè tout bon lodé a-y, mé an pa té ka rivé ni kyè kontan épi
sa. Istwa a grif-lasa, 1 té sitèlman égri-mwen, té pou fè-mwen vini
dous... >>
Idi-mwen osi an zorèy:
(An pa rivé konpwann ahak an-final-
di-kont! An té dwètèt jijé-y asi sai ika fè é
pas si saika di. Ité ka ban-mwen bon lodè
é i - té ka kléré-mwen. An pa té dwètèt
janmé pwan kouri ! I An té dwètèt diviné
dousè a-y dèyè sé plan tèbè a-y-la. Sé flè-
la yo sitèlman ka touné é viré lang! Mé an
té two jenn pou an té konnèt kijan pou
Désiné on mouton ban-mwen.
An lévé doubout asi dé pyé an-mwen fap konsidi an té pwan on
koul zéklèloraj. An fwoté ki fwoté dé koko-zyé an-mwen. An gadé
yo ka kriyé gadé. É an vwè on tiboug kriyan doubout la ka gadé-
mwen tout gadé a-y onjan pa ka ri. Mi plibon potré, plita aprésa, an
rivé fè dè-y. Mé desen an-mwen, an pa oblijé di-y, té lontan mwen
bèl ki modèl-la. A pa fôt an-mwen. Sé granmoun-la té fè-mwen pèd
lanvi kontinyé asi bèl chimen-la i té trasé ban-mwen adan lapenti,
an tan an té ni sis lanné, é an pa té janmé apwann désiné ahak, dôt
kib boa fèmé é boa ouvè.
Alo an rété la brak ka gadé laparisyon-lasa épi dé grenn koko-
zyé an-mwen ka soti an fon a tou a-yo. Sonjé an di-zot an té Iwen
bon lwen la dè tout tè ola moun ka rété. Magrésa tiboug an mwen-
la pa té ka sanm-mwen sa i té pèd chimen, ni i té las kon chyen,
niité ka mo fen, niit té ka mo swèf, ni i té pè kon pè ka maké.
Anponjan i pa té ka sanm on timoun i pèd chimen an mitan dézè-
la, lwen bon lwen la dè prèmyé koté ola moun ka viv. Lè an fin
pa rivé di on pawol, an di-y konsa: :
(Mé... ka ou ka fè la?>>
Éaliwoudi-mwen, dousouman, konsidiré sété on biten oséryé
(( Tanprisouplé.. désiné on mouton ban-mwen.. >>
Lèwvwè sa ou pa ka konpwann two fo ba-W, ou pa ka noz pa
kouté sa yo ka di-w. Magré tout kouyon an té ka touvé sa kouyon
lwen bon lwen-la dè tout sot-èspès-kalité kaz èvè anplis vi an-mwen
i té an jé, an woté on fèy-papyé é on èstilo an poch an-mwen.
Mé: an moman-lasa an vin sonjé an té lontan plis apwann jéografi,
listwa, kalkil é gramè é an di tiboug-la (onjan pawol anlè kyè)
an pa té sav désiné. I réponn-mwen:
( Sa pa ka fè ayen. Désiné on mou-
ton ban-mwen. >>
Davwa an poko té janmé fè pôtré a
p'on mouton an woufe, ba-y, yonn adan
sé dé onsèl désen-la an té sa fè la. Ta boa
fèmé-la. É an rété sézi lè an tann tiboug-
la réponn-mwen:
(Awa!A pa sa! An pa vlé on éléfan
andidan on boa. On boa sa danjéré,
éc on éléfan sa ka pwan onlo plas toubol-
man. Akaz an-mwen sa tou piti. An
bizwen on mouton. Désiné on mouton
ban-mwen. >>
Ald an désiné.
Ipwan tan gadé, épi aprésa i di:
(Awa!Talaja malfouti bon malfouti
la. Fè ondot.>>
An désiné:
Boug an-mwen grinyé ban-mwen,
épijantiman i di:
<Ou ka
vwè... a on mouton
sa, sé on bélyé. I ni kon.. >>
Alos an woufè désen an-mwen ondot
fwa anko:
Mé i pa pasé, kon sé prèmyé-la:
< Sila two vyé. An vlé on mouton i
kay pé viv lontan. >>
Alo, las épi tousa, davwa an té présé konmansé démonté motè
an-mwen, an fè on makakri a désen kon tala:
É an hélé:
< Sa sé bwèt-la. Mouton-la ou vlé la andidan a-y.>>
Mé an rété bon békwè-la vwè figi a jenn jij an-mwen kléré èvè
lakontantman ité yé:
(Sé dyèktèman konsa an té vlé-y! ! Ou ka di mouton-lasa ké
bizwen onlo zèb?
I Pouki?
Padavwa akaz an-mwen sa tou piti...
- Sa dwèt ké ay. An ba-w on tou piti mouton. >>
I bésé tèt a-y anba ka gadé désen-la:
<I pa si piti kisa.. Ken! Mii pwan sonmèy. >>
É sé konsa an vin konnèt Tiprens-la.
Sa pwan-mwen onlo tan pou konpwan ola i té sôti. Tiprens-la,
sila-menm i té ka pozé-mwen onpil kèksyon la, té ka sanm saipa
té ka janmé tann sé t'an-mwen-la. Sé dé tipawol i di, konsa,
piti a pit,iapwann-mwen tout biten-la.
É sé konsa, lè i vwè avyon an-mwen
pou prèmyé fwa (an pé ké désiné
avyon an-mwen, sé on désen two fo
ban-mwen) i mandé-mwen:
<ka sa yé biten-lasa?
A pa on biten. Sa ka volé anlè.
Sé on avyon. Sé avyon an-mwen. >>
Sété avè lèstonmak an-mwen gonflé
bon gonflé la mwen apwann-li an té ka volé anlè. Alo, i rétéidi
tout fos a-y:
( Ka ou di la! Ou soti an syèl tonbé atè!
Wi, an réponn-li san p'on gran lidé.
Alsa, sa komik !.. >>
É Tiprens-la mété-y ka ri on bèl ri ozékla é sa chofé-mwen
toubolman. An té ké enmé yo pwan malè an-mwen an gran kon-
sidérasyon. Éil kontinyé ka di:
(Alosdonk, vou osi ou soti an syèl-la ! Asi ki planèt ou soti?>>
Diidi sa lamenm an vwè on tilimyè, adan poukisa é ankijan 1
té pé la, é blipman an mandé-y:
(Sa vlé di ou soti asi ondot planèt alo ?>>
Mé ij pa réponn-mwen. Ité ka soukwé tèt a-y wotanba dousou-
man atoupannan ité ka gadé avyon an-mwen:
(Sa sèten lè ou byen gadé, asi sa, ou pa dwèt soti bon Iwen la...>
É i rantré fon adan on zafè a rèv i pwan-y on pakyèt tan.
Aprésa, i woté mouton an-mwen i té ni an poch a-y dèwo, é i
mété-y ka gadé-y konsidiré sété prèmyé fwa i té gadé poubon
trézo a-y ki ta-y.
Palapenn an di-zot ankijan vérité-adimi-di-lasa asi (sé lézot
planèt-la> tèwbolizé lèspri an-mwen oséryé menm. Kifè an désidé
mwen chèché-sav plis asi tousa:
<Ola ou soti piti tiboug an-mwen ? Ola sa yé sa "akaz a-w"?
Ola ou vlé chayé mouton an-mwen alé?>
Iréponn-mwen apré on bon moman san di ayen ka kalkilé:
(Saibyen avè kès-la ou ban-mwen la, lannuit, sa kay sèvi-y kaz.
Oupé di sa. Ési ou janti, an ké ba-w on kod osi pou maré-
y lajouné. É on pikèt. >>
Propozisyon-la sanmsa sa kontraryé Tiprens-la:
<Maré-y? Mé kijan lidé tèbè ésa!
Mé si ou pa maré-y, iké ay nenpot kikoté, éiké pèd koa-y.>>
É boug an-mwen-la woupété on moso ri anko:
(Mé ola ou vlé 1 alé!
Nenpot kikoté. Dwèt douvan-y. >>
Ald Tiprens-la fè-mwen obsèvé séryèzman:
< Sa pa ka fè ayen, sa tèlman piti, akaz an-mwen l>>
E, avè tibwen lenbé an fon a kyè a-y, an ka kwè, i di anplis
(<Dwèt douvan-y on moun pé pa rivé p'on grankoté.. . >>
Sé konsa an vin apwann on dézyèm biten fondal toubolman :
planèt-la otila i té soti la té jistikont pli gran pasé on kaz!
Sa pa té pou soupwann-
mwen onlo. An té plis ki
sav apa dé manman planèt
kon Latè, Jipitè, Maws,
Vénis, yo ba-yo non, tin
on pakyèt dôt, yo sitèl-
man piti délè kifè sa pa
fasil menm rivé vwè-yo
adan on télèskop. Lèwvwè
on astrononm ka rivé
tonbé anlè yonn adan yo,
i ka ba-y on liméwo pou
non. Kontèl i pé kriyé-y:
(astéwoyid 325-la>.
Anni détwa rézon séryé
ka fe-mwen kwè planèt-
la otila Tiprens-la té soti
la sé astéwoyid B 612-la.
Astéwoyid-lasa yo rivé
vwè-y yenki onsèl fwa
adan on télèskop, sété on
astrononm tirk, an 1909.
An moman-lasa ald i té ay fè on gran montray asi
sa i té touvé adan on Kozé Intèwnasyonal asi Lastrononmi.
Mé ponmoun pa kwè-y parapot a kostim a-y. Sé granmoun-la
sé konsa yo yé.
Érèzdibonnè pou répitasyon a astéwoyid B 612-la on diktatè
tirk fosé pèp a-y poté lenj éwopéyen, oben sansa, i ka kyouyé-yo.
Astrononm-la viré fè montray a-y an 1920, adan on bèl ti-lenj
penpan-penpan. É kou-lasa toutmoun-la té dako èvè-y.
Si an pwan tan rakonté-zôt sé tibiten-lasa asi astéwoyid B 612-
la é si an ba-zot konnèt liméwo a-y, sé parapot a sé granmoun-la.
Sé granmoun-la yo enmé chif. Lè zot ka palé-yo dè on nouvo
kanmarad, yo pajan ka pozé-zot kèksyon asi sai fondal. Yo pa ka
janmé di-zot: <<ki son a
vwa a-y ? Kijan jé i pisi-
myé? Es i ka sanblé
papiyon ? >> Yo ka mandé-
zot: <Ki laj a-y? Hokonsa
frè i ni ? Hokonsa kilo i
ka pézé ? Hokonsa lajan
pap'a-y ka gannyé?>>
Sé yenki an moman-lasa yo ka kwè yo konnèt-li. Si zot ka di on
granmoun: ( An vwè on bèl kaz an-brik woz, avè jéranyonm asi
bo a sé finèt-la épi détwa toutwèl asi twa-la... >> yo pa ka rivé
imajiné kaz-lasa. Fo zot di-yo: ( An vwè on kaz a san mil fran.>
An moman-lasa yo ka mèt-yo ka kriyé: ( Fout sa bèl wil>
Menm mannyè, si zot di-yo: (Laprèv Tiprens-la té réyél sé
padavwa ité kriyan, ité ka ri, éité vlé on mouton. Lè on moun
vlé on mouton, sé laprèv moun-lasa réyèl>> yo ké wosé zépôl a-yo
é yo ké trété-zot dè timoun ! Mé si zot di-yo: ( Planèt-la otila
isoti la sé astéwoyid B 612-la> an moman-lasa yo kay bwè pawol
a-zot é, yo kay arété boufi-zot avè boul kèksyon a-yo. Sé konsa
yo yé. Fo pa blanmé-yo. Fo pa sé timoun-la montré-yo two rèd
avè sé granmoun-la.
Mé, sa sèten, nou i ka konpwann lavi, nou mansousyé liméwo!
An té ké enmé konmansé istwa-lasa menmjan ki on kont a prens
ép prensès. An té ké enmé di:
< Antan lontan té ni on Tiprens i té ka rété asi on planèt i té
jistikont pli gran pasé-y, éit té bizwen ni on zanmi... >> Pou lésèz
ka konpwann lavi, sa té ké sanmsa sa lontan pli vré.
Davwa an pa enmé yo li liv an-mwen an kenkons. Kyè an-mwen
ka gwo bon gwo la lè an ka rakonté sé souvènans-lasa. Saj ja ka
fè sis lanné kanmarad an-mwen ay fè chimen a-y épi mouton a-y.
Si la konsa an ka gadévwè fè potré a-y, sé pou an pa obliyé-y.
Sa pa ka fè fo obliyé on zanmi. A pa toutmoun i pé di yo té ni on
zanmi. É sa té ké pé rivé an vin kon sé granmoun-la ka vwè yenki
sé chif-la. Kifè sé pou menm rézon-lasa an viré achté on bwèt
penti èvè kréyonpapyé. Sa rèd woumèt ko a-W ka désiné, a laj
an-mwen, lèwvwè ou paj janmé éséyé dôt biten ki ta on boa fèmé
oben ta on boa ouvè, lè ou té ni sis lanné ! An kay éséyé, konfèt-
manti, fè dé potré ka sanm-li piplis. Mé an pa sèten réyisi yo ka
